{
  "r_stoma_min_CAM_s_m": 108.78054320009412,
  "profile_r_s_night_s_m": 128.11415957111322,
  "profile_r_s_midday_s_m": 476.48369692704705,
  "profile_r_s_late_afternoon_s_m": 181.49375552184995,
  "hourly_gsw_median": {
    "0": 0.3484615384615385,
    "1": 0.31661538461538463,
    "2": 0.2847692307692308,
    "3": 0.2529230769230769,
    "4": 0.22107692307692306,
    "5": 0.1892307692307692,
    "6": 0.15738461538461535,
    "7": 0.1255384615384615,
    "8": 0.09369230769230763,
    "9": 0.06184615384615383,
    "10": 0.03,
    "11": 0.06268333333333334,
    "12": 0.09536666666666667,
    "13": 0.12805,
    "14": 0.16073333333333334,
    "15": 0.19341666666666668,
    "16": 0.2261,
    "17": 0.26968,
    "18": 0.31326,
    "19": 0.35684,
    "20": 0.40042,
    "21": 0.444,
    "22": 0.41215384615384615,
    "23": 0.3803076923076923
  },
  "hourly_gsw_n": {},
  "source_summary": "defaults; replace with LI-COR-derived profile when available\nmanual hourly gsw overrides: 10:0.03, 16:0.2261, 21:0.444"
}