{
  "n": 3459,
  "bias_C": -0.560244524179463,
  "mae_C": 2.551280718361247,
  "rmse_C": 3.091098121335237,
  "amp_model_C": 2.401664588475171,
  "amp_measured_C": 13.027245000000004,
  "amp_error_C": -10.625580411524833,
  "peak_error_C": -8.251540160682751,
  "min_error_C": 2.374040250842082
}