{
  "n": 3459,
  "bias_C": 0.146921671793317,
  "mae_C": 2.7744984173290472,
  "rmse_C": 3.1847817941556023,
  "amp_model_C": 2.8537759426274647,
  "amp_measured_C": 13.027245000000004,
  "amp_error_C": -10.17346905737254,
  "peak_error_C": -7.641191701684207,
  "min_error_C": 2.5322773556883327
}