{
  "n": 1623,
  "bias_C": 2.0499275555637464,
  "mae_C": 2.0499275555637464,
  "rmse_C": 2.491156393636453,
  "corr": 0.09757169480598579,
  "amp_model_C": 3.9681264003842927,
  "amp_measured_C": 3.2704079999999998,
  "amp_error_C": 0.6977184003842929,
  "peak_error_C": 2.730812005345946
}