sensor,model_node,rmse_C,mae_C,bias_model_minus_sensor_C,corr_no_lag,best_abs_corr,best_lag_min_model_shift,rmse_at_best_lag_C,sensor_amp_95_05_C,model_amp_95_05_C,amp_error_model_minus_sensor_C,n_overlap,fit_score,rank_for_sensor
T2A,T_s_in,2.1574466064198923,2.1214475044674606,2.1214475044674606,0.7977478241370577,0.7986077094837578,-10,2.1578356530977207,2.2398145999999954,1.8681433817610795,-0.3716712182389159,3465,2.2308803106593036,1
T2A,T_in_used,1.9838875465681398,1.7995272387274044,1.7995272387274044,0.7802323340467561,0.8862684980206257,90,1.9639383359294549,2.2398145999999954,4.0921684636762805,1.852353863676285,3465,2.1064163165063503,2
T2A,T_g_bot,2.3613159014281275,2.2938340658174026,2.2938340658174026,0.5222407332605756,0.5222407332605756,0,2.3613159014281275,2.2398145999999954,1.4630397846906718,-0.7767748153093237,3465,1.849759576405647,3
T2A,T_a,3.028161790617449,2.4798726051948057,0.6035830536796517,-0.009099746529106487,-0.7516188082643993,-245,3.400298791942676,2.2398145999999954,8.800000000000011,6.560185400000016,3465,1.399013036040666,4
T2A,T_g_mid,3.254110790892483,2.7988365030641553,2.789100747663768,-0.21622876055726536,-0.48039688659268925,-190,3.2985489770168326,2.2398145999999954,5.715781167343614,3.475966567343619,3465,1.3311003168107298,5
T2A,T_g_top,4.800578013382708,3.7075193784386498,3.2545357900915617,-0.2895576243411192,-0.4449761118607789,-155,4.851952331748312,2.2398145999999954,11.42643411700477,9.186619517004775,3465,0.8186065332366016,6
T2A,T_f,19.66620411601004,13.900544447114443,7.417089681782647,-0.14076530284785221,-0.2006457539046962,-145,19.907038558497657,2.2398145999999954,62.584787580580056,60.34497298058006,3465,0.20262154563693976,7
