sensor,model_node,rmse_C,mae_C,bias_model_minus_sensor_C,corr_no_lag,best_abs_corr,best_lag_min_model_shift,rmse_at_best_lag_C,sensor_amp_95_05_C,model_amp_95_05_C,amp_error_model_minus_sensor_C,n_overlap,fit_score,rank_for_sensor
T1Ka,T_in_used,0.008807547774252453,0.005844267021281714,0.0004951750910410017,0.9999746504727549,0.9999746504727549,0,0.008807547774252453,4.093790599999998,4.0921684636762805,-0.001622136323717882,3465,2.9968596759727815,1
T1Ke,T_a,2.6227252352516,2.1795431595959616,-1.9406870279942299,0.7922868885242077,0.9067590721174521,95,2.1553478333805156,7.2298686,8.800000000000011,1.5701314000000117,3465,2.06965560073537,1
T1Ta,T_a,3.4237360090434734,2.3253469089466092,-1.795256712121214,0.9473434060777274,0.9481303009296985,5,3.4103898381196367,16.576853000000003,8.800000000000011,-7.776852999999992,3465,1.4926030555358065,1
T1Tb,T_a,3.2403384186516844,2.492492309379511,-2.081530305050507,0.6902782092038474,0.8987911907319276,120,2.3651052188828174,10.078090799999995,8.800000000000011,-1.2780907999999833,3465,2.028660074090606,1
T2A,T_s_in,2.1574466064198923,2.1214475044674606,2.1214475044674606,0.7977478241370577,0.7986077094837578,-10,2.1578356530977207,2.2398145999999954,1.8681433817610795,-0.3716712182389159,3465,2.2308803106593036,1
T2A2,T_in_used,1.5476233016279723,1.369072586797277,0.9887667828832487,0.7374160561624826,0.877761687219266,-110,1.2515630445128898,5.355825600000003,4.0921684636762805,-1.2636571363237223,3465,2.2640883583016063,1
