{
  "H_g": 0.06288058243124998,
  "H_slab": 0.036083752940664376,
  "h_in": 9.457083438693825,
  "rho_g": 385.81489748341403,
  "theta_sat": 0.7649959468332229,
  "k_theta_sat": 1.1962839321253125e-05,
  "lambda_dry": 0.22036798892334097,
  "lambda_sat": 0.9989119894707699,
  "LAI": 2.0265125396459664,
  "cover_fraction": 0.6376217384747243,
  "tau_f": 0.14408986837020654
}