{
  "n": 3459,
  "bias_C": 0.5596602496375391,
  "mae_C": 1.7112157265600743,
  "rmse_C": 2.0616780236700425,
  "amp_model_C": 8.42270083051892,
  "amp_measured_C": 13.027245000000004,
  "amp_error_C": -4.604544169481084,
  "peak_error_C": -3.4477031550138832,
  "min_error_C": 1.1568410144672008
}