{
  "n": 3465,
  "bias_C": 1.3420570046039626,
  "mae_C": 2.821484578420126,
  "rmse_C": 3.134056713846196,
  "r_C": 0.5297282465920624,
  "amp_obs_C": 13.027245000000004,
  "amp_pred_C": 6.925287007190413,
  "amp_error_C": -6.1019579928095915,
  "peak_error_C": -3.5013110741281324,
  "min_error_C": 2.600646918681459,
  "day_q_plant_mean_W_m2": 1.1524612919325974,
  "night_q_plant_mean_W_m2": 0.8867714554248732
}