{
  "n": 3465,
  "bias_C": 0.9166867178713394,
  "mae_C": 1.4619215098826681,
  "rmse_C": 1.7444830409769518,
  "r_C": 0.8954637914388848,
  "amp_obs_C": 13.027245000000004,
  "amp_pred_C": 13.027245373403062,
  "amp_error_C": 3.7340305780730887e-07,
  "peak_error_C": 1.2265259167169233,
  "min_error_C": 1.2265255433138655,
  "day_q_plant_mean_W_m2": 3.5356347002310686,
  "night_q_plant_mean_W_m2": 4.536349835058993
}